number,size
1000,0.0005
50,0.0003
200,0.00025
6500,0.0006
500,0.000687
489,0.00104
32100,0.00085
56840,0.0002791
5614,0.000497
6549,0.00005478
0,1
